Name,Price,Rating
Shop on eBay,$20.00,No rating
Shop on eBay,$20.00,No rating
"Dell 15.6"" NVIDIA Gaming Laptop - Intel Quad Core i7 64GB RAM 4TB SSD Windows 11",$453.00to$896.00,No rating
"HP ProBook 2-in-1 Touch Laptop 11.6"" Windows 11 Core i5 8GB RAM 128GB SSD WiFi",$119.99,No rating
Dell TouchScreen Laptop Latitude 5289 2-in-1 |Core i5 |8GB RAM 256GB SSD-Great,$199.99,No rating
Dell Laptop Latitude 3190 TouchScreen 8GB RAM 128GB SSD Windows 10 Pro Active,$129.99,No rating
HP ProBook Convertible 2-in-1 Laptop/Tablet Core i5 8GB RAM 128GB SSD Windows 11,$144.99,No rating
"Dell Latitude 5480 14"" Core i7-7820HQ 2.9GHz 16GB RAM 256GB SSD NO OS Good",$89.00,No rating
Laptop HP Windows 11 CORE i5 GEN 6-8 TH 32GB RAM 1TB SSD WEBCAM WIFI DELL,$181.78to$584.33,No rating
"Dell Latitude E7270 12.5"" Laptop BOOTS i7-6600U 2.60GHz 16GB RAM 256GB SSD NO OS",$30.00,No rating
Dell Inspiron 5481 2-in-1 Laptop i3-8145U 2.1GHz 8GB RAM 256GB SSD W11P Touch,$99.00,No rating
Dell Latitude Laptop Light Gaming PC Core i7 16GB RAM 512GB SSD Windows 11 Pro,$314.99,No rating
Lenovo ThinkPad Yoga 11E 4TH Gen Core i5-7200 2.50GHz 8GB RAM  256 GB SATA SSD,$59.94,No rating
Dell Latitude 5289 2-in-1 Touchscreen Laptop i5 8GB 128GB SSD Win 10 Pro - Great,$199.99,4.5 out of 5 stars.
New ListingExcellent Used Dell Latitude Laptop 5500 Win 10!!!!! Full HD!!! 256GB,$69.00,No rating
Toshiba Ultra Light Windows 11 Laptop Computer - Wifi Bluetooth Webcam HDMI SSD,$111.00,No rating
Cheap Fast Windows 10 Laptop CORE i5 8GB RAM 256GB SSD WIFI,$103.87to$116.86,No rating
Dell Latitude 5500 Laptop PC Intel Core i5 4.10GHz 64GB RAM 4TB SSD Win 11 Pro,$335.00to$777.00,No rating
"Lenovo IdeaPad 1 14IGL7 14"" HD Laptop Intel Cel N4020 4GB 128GB 82V6007ECF W11H",$99.00,No rating
"New ListingLenovo E50 15.6"" HD Intel Core i5-5200U @ 2.20Ghz 8GB 128GB SSD Win 11 Pro",$116.80,No rating
Laptop/Lenovo Thinkpad/8GB Ram AMD Raedon HD Graphic Card/500GB HDD,$55.33,No rating
Dell Gaming Laptop Intel i7- 20GB RAM   500GB SSD Drive Windows 11 Office,$325.00,No rating
"Microsoft Surface Laptop 13.5"" i5 7th Gen 128GB SSD 8GB RAM Win 10 Pro (PC) C",$134.96,No rating
Fast Cheap Gaming Laptop i7 Up To 3.90GHz Quad 32GB RAM 512GB SSD Win11 Computer,$219.45to$388.27,No rating
"Dell Latitude 5480 14"" Core i7-7820HQ 2.9GHz 16GB RAM 256GB SSD NO OS LCD DMG",$69.00,No rating
"Dell Vostro 5581 Laptop, i5 -8265U ,15inch screen 8GB Ram 256GB SSD And Charger",$155.83,No rating
Lenovo ThinkPad L390 i5-8265U - 4GB RAM - 256GB SSD - Win 11 Pro - D Grade,$79.00,No rating
HP ProBook x360 11 G1 Touchscreen Laptop Intel 1.1GHz 4GB 128GB Win 10 H452,$69.99,No rating
"Lenovo N22 Laptop PC Computer 11.6"" Intel Celeron Windows 10 4GB RAM 32GB SSD",$94.99,No rating
"New ListingSONY VAIO LAPTOP VWNC51428-SL 14.1"" FHD DECA i5-1235U, 16GB, 512GB SSD",$2.25,No rating
"Dell Latitude 3450 14"" Laptop Computer PC Windows 10 Core i3 16GB RAM 256GB SSD",$129.50,No rating
"Windows 7 PRO Laptop Notebook PC Computer Dual core, 4GB Ram, 250GB HD DVD/CD",$78.00,No rating
"13.4"" Dell XPS 2-in-1 Laptop: Intel i7!  16GB RAM! 512GB SSD! Windows 11 Pro!",$397.95,No rating
"Dell Latitude Laptop PC 14"" FHD Core i7 16GB RAM 256GB SSD Windows 11 Pro HDMI",$269.99,No rating
DELL LATITUDE 3190 2-IN-1 Intel Pentium Silver 1.1GHZ 64GB SSD 4GB - Laptop,$59.95,No rating
"Lenovo IdeaPad 3i 15.6'' Touch Laptop Intel i5, 8GB RAM, 256GB SSD (82RK00BEUS)",$279.99,No rating
"Dell Latitude 5480 14"" Core i7-7820HQ 2.9GHz 16GB RAM 256GB SSD NO OS Good",$89.00,No rating
HP EliteBook 13” FHD 2-in-1 Touch Laptop PC Core i5 8GB RAM 256GB SSD Windows 10,$209.99,No rating
"Dell Latitude 3400 14"" Core i5-8265U 1.49GHz 8GB RAM NO HDD NO OS Good",$48.00,No rating
New ListingAsus Vivobook 15 | 15.6'' | Intel i3-1005G1 | 8GB RAM | 128GB SSD | WIN Home,$129.99,No rating
FAST CHEAP TOP BRAND INTEL CORE i5 8TH GEN 16GB RAM 480GB SSD WINDOWS 11 LAPTOP,$168.80to$331.12,No rating
Dell Latitude 5480 Laptop Computer Windows 10 PC Core i5 8GB RAM 1TB HDMI WiFi,$164.99,No rating
New ListingLenovo Ideapad Z580 - i5-3210M 2.5GHz / 8GB RAM / 650GB Storage,$55.00,No rating
Dell Latitude Laptop Computer Intel Dual-Core i5 8GB RAM 250GB SSD Windows Pro,$164.99,No rating
"New ListingDell Inspiron 5579 15"" Core i5-8250U 1.6GHz 8GB RAM 1TB HDD NO BATT NO OS",$9.99,No rating
"Lenovo ThinkPad T440 14"" - i5-4300u 1.90GHz 4GB RAM 500GB HDD Windows 10",$52.99,No rating
Dell Latitude 3190 2 in 1 Touch Laptop Pentium N5000 8GB RAM 128GB SSD Grade C,$49.95,No rating
~OVERSTOCK~ 15.6 Dell Latitude Laptop PC: Intel i5! 16GB RAM! 256GB SSD! Webcam!,$189.97,No rating
"New ListingDell Precision 3591 Laptop, 15.6"" Full HD, i7-165H, 32GB RAM, 1TB SSD, NVIDIA",$467.48,No rating
"New ListingDell G5 15 5500 15.6"" (512GB SSD, Intel Core i7 10th Gen., 5.00 GHz, 16GB","$1,500.00",No rating
"Dell Latitude 5480 14"" Core i7-7820HQ 2.9GHz 16GB RAM 256GB SSD NO OS Good",$89.00,No rating
"New ListingLenovo ThinkPad T490s 20NX001VUS 14"" Intel i5-8265U 8GB RAM 256GB SSD Win 11Pro",$129.99,No rating
"Dell Latitude E7270 12.5"" Laptop BOOTS i7-6600U 2.60GHz 16GB RAM 256GB SSD NO OS",$51.00,No rating
"HP X360 Touchscreen 11.6"" Laptop PC Computer Core i5 8GB 128GB SSD Windows 11",$124.99,No rating
New ListingDell Precision 5550 Core i9-10885H / 8GB RAM / NO SSD - RL1907,$380.00,No rating
Dell Latitude Laptop Core i7 11th Gen 32GB Ram 1TB SSD Cheap Windows 11 Laptop,$207.77to$740.17,No rating
"New Dell Inspiron 15 3502 15.6"" 128GB SSD 4GB RAM Celeron N4020 1.1GHz Spanish",$119.99,No rating
"Dell Latitude 3400 14"" Core i5-8265U 1.6GHz 8GB RAM NO HDD NO BATT NO OS",$49.00,No rating
"15.6"" HP ProBook Laptop PC: Intel i7! 16GB RAM! 1TB SSD! Windows 10 Pro! Webcam!",$249.95,No rating
"Dell Latitude 5400 14"" Core i7-8665U 1.9GHz 16GB RAM NO HDD NO OS Good",$89.00,No rating
Laptop Cheap Fast Windows 11 Pro Core i7 11th Gen 32GB Ram 1TB SSD Laptop WiFi,$168.80to$584.33,No rating
"Dell Latitude 5480 14"" Core i7-7820HQ 2.9GHz 16GB RAM 256GB SSD NO OS Good",$89.00,No rating
"Dell Latitude 5480 14"" Core i7-7820HQ 2.9GHz 16GB RAM 256GB SSD NO OS Good",$89.00,No rating
"New ListingDell Latitude 5420 14"" (256GB SSD, Intel Core i5-1135G7, 2.4GHz, 16GB RAM)",$9.99,No rating
"New ListingCheap! Dell Latitude 5400  14"" Laptop Quad i5-8365 1.8Ghz 8GB 128SSD Win 11P",$139.00,No rating
SUPER FAST WINDOWS 11 CHEAP LAPTOP INTEL CORE I5 4/8/16GB RAM 1TB HDD SSD WEBCAM,$129.84to$272.68,No rating
"Lenovo ThinkPad X390 Yoga 2 in 1 Laptop i5-8365U 8GB 256GB SSD 13.3"" Touch W10P",$189.99,No rating
"Lenovo ThinkPad T14 Gen 4 14"" FHD+Touch i7-1365U 16GB NO SSD/OS For Parts Warran",$145.50,No rating
Cheap Gaming Laptop Fast RYZEN 5 16GB RAM 256GB SSD 13.3 FHD Win11 Vega 8 GPU PC,$297.37,No rating
"New Listing15.6""GAMING NVIDIA GPU,ORANGE i5 3.0GHz,16GB,256G SSD,DVDRW,WIN11,CAM,BACKLIT",$157.77,No rating
"New ListingDell Precision 7760 17"" Core i7-11800H 2.28GHz 8GB RAM 256GB SSD NO OS Excellent",$10.99,No rating
"Cheap! Microsoft Surface_Book  1832 13.5"" Quad i5-8350U 8GB 256SSD Win 11 Pro",$32.00,No rating
"~CLEARANCE~ 15.6"" Dell Latitude Laptop: Intel i5 16GB RAM 512 SSD Windows 10",$189.95,No rating
"Lenovo LOQ 15.6"" FHD 144Hz Gaming Laptop i5-12450HX 12GB RAM 512GB SSD RTX 3050",$599.99,No rating
"New ListingDell E6530 Retro Gaming laptop Ii7 16GB Ram 240GB SSD 15.6""Win 10 PRO NVIDIA NVS",$175.00,No rating
Dell Laptop Latitude 3189 TouchScreen 8GB RAM 128GB SSD Windows 10 Pro Active,$119.99,No rating
Lenovo Thinkpad T490 Light Gaming Laptop Intel Core i7 4.80 GHz 32GB RAM 2TB SSD,$495.00to$850.00,No rating
Shop on eBay,$20.00,No rating
Shop on eBay,$20.00,No rating
Toshiba X40E HD 1080P Touch Windows 11 i5 3.4ghz 8th Gen Gaming Laptop FREE SHIP,$244.00,No rating
Toshiba X40 HD 1080P Touchscreen Win 11 PRO i5 7th Gen Gaming Laptop PC Computer,$155.00,No rating
"Dell Latitude 5490 Laptop 14"" FHD Core i5-8350U 1.7GHz 16GB RAM 256GB SSD Win11P",$149.99,No rating
"New ListingDell Vostro 3400 Laptop 14"" FHD Core i5-1135G7 2.40GHZ 16GB RAM 512GB SSD Win11P",$169.99,No rating
HP Omen 15-dc0085nr Intel i7-8750H 2.20GHz 16GB Ram 1TB SSD GTX 1050 Win11H NICE,$188.88,No rating
Dell Laptop Windows 11 Latitude 5300 Intel Core i5 10th Gen. 256 SSD 8GB Webcam,$159.00,No rating
Lenovo ThinkBook 13s G3 ACN AMD Ryzen 7 5800u 16GB RAM NO SSD NO OS WON’T BOOT,$119.00,No rating
"Lenovo IdeaPad Flex 5 14ARE05 14"" Full HD Touchscreen 2-in-1, 2.70 GHz 4 GB",$109.99,No rating
HP Pro X2 612 G2 Tablet PENTIUM GOLD 4GB RAM 128GB SSD Windows 11 Pro Grade A+,$93.50,No rating
"Dell Latitude 5480 14"" Core i7-7820HQ 2.9GHz 16GB RAM 256GB SSD NO OS Good",$89.00,No rating
"HP Elitebook 745 G6 Laptop AMD Ryzen 7 Pro 3700U 16 GB 256 GB SSD 14"" Win 10 Pro",$209.99,No rating
New ListingLenovo ThinkBook 15 G2 ITL 2.80GHz Intel Core i7-1165G7 16GB RAM NO SSD,$22.00,No rating
"Lenovo Thinkpad X250 12.5"" i7-5600U 2.6GHz 8GB RAM 256GB SSD Touchscreen Laptop",$79.99,No rating
"New ListingLenovo ThinkPad T490 Intel i7-8565U, 1.90GHz 16GB RAM 1TB SSD 2K Windows 11 Pro",$219.99,No rating
"HP EliteBook 830 G8 13.3"" FHD TS Laptop Intel i7-1185G7 3 GHz 32GB 512GB W11P",$390.99,No rating
HP EliteBook 745 G5 14” FHD Laptop AMD Ryzen 5 PRO 16GB RAM 512GB SSD Windows 10,$249.99,No rating
Lenovo ThinkPad L390 i5-8265U - 4GB RAM - 256GB SSD - Win 11 Pro - C Grade,$99.00,No rating
"Lenovo Yoga 710-15IKB 15.6"" FHD Touch i5-7 2.5GHz 8GB 256GB SSD Laptop",$53.00,No rating
"New ListingLenovo LOQ 15 15.6"" Gaming Laptop FHD R7-7840HS 16GB RAM 512GB SSD RTX 4060 8GB",$650.00,No rating
New ListingLenovo Yoga 730 13IKB Core i5-8250U CPU @ 1.60GHz 8GB RAM 256GB SSD Grade B,$175.00,No rating
"New ListingDell Latitude 5590 15.6"" 128 SSD, Intel Core i5-8350U, 1.70 GHz, 8GB, Win-10 Pro",$0.99,No rating
"HP ProBook 430 G6 13.3"" Laptop i5-8265u 16GB RAM 256GB SSD Win11",$129.99,No rating
Lenovo ThinkPad Laptop Computer Dual-Core Intel i7 8GB RAM 256GB SSD Windows,$152.99,No rating
Dell Latitude 5420 Intel i71185G7 32GB RAM 512GB SSD 14 Inch FHD Win 11 Pro,$374.99,No rating
"Lenovo ThinkPad x280 12.5"" Touchscreen FHD i7-8650U 8GB RAM 256GB SSD Win11P GC",$189.99,No rating
New ListingSony Vaio Fit 13A SVF13NA1EL 13.3” Laptop - Core i5-4200U - 8GB RAM - 128GB SSD,$19.99,No rating
"New ListingThinkPad (a Lenovo) T14 1st Gen 14"" (256SSD, 16GB )  i7 10thGen Win11 Pro loaded",$209.00,No rating
"CHEAP Fujitsu Lifebook 15.6"" Laptop - QUAD CORE i7 8Gb RAM 128Gb SSD HDMI Win10",$129.84,No rating
"HP EliteBook 820 G3 12"" Laptop PC Computer Core i5 16GB RAM 256GB SSD Windows 10",$179.99,No rating
"Lenovo ThinkPad Business Laptop PC 15"" FHD Core i5 16GB RAM 512GB SSD Windows 11",$329.99,No rating
"Dell Latitude 5400 14"" FHD Laptop PC Intel Core i7 16GB RAM 512GB SSD Windows 11",$299.99,No rating
Dell Latitude 7420 14” FHD Laptop Core i7 11th Gen 16GB RAM 512GB SSD Windows 11,$367.48,No rating
"Asus Vivobook S14 K5404VA (14"") Intel i9-13900H, 16GB Ram, 512GB SSD *READ DESC*",$305.00,No rating
"Dell Latitude 5400 14"" Laptop Core i7-8665U @ 1.9GHz 16GB RAM NO HDD/OS",$73.00,No rating
"TOUCH SCREEN Toughbook Rugged Laptop  Core i7 1TB SSD, 8GB RAM",$337.61,No rating
"Lenovo ThinkPad Laptop T480 14"" i5 1.70 GHz,  256GB NVME , 16 GB RAM Tested-Good",$168.69,No rating
"New ListingHP ProBook 450 G3 Laptop 6th Gen i5-6200U 2.30GHz 8GB RAM, 120SSD Win 11 Pro",$129.84,No rating
Cheap Fast Dual Core Windows 10 Laptop 4GB 240GB WIFI,$92.18to$116.86,No rating
Dell Latitude 7490 Laptop PC Intel Core i7 4.20GHz 64GB RAM 4TB SSD Win 11 Pro,$398.00to$841.00,No rating
Windows 11 Laptop Dell Latitude 5480 FHD i5-6200U 2.30GHz 8GB RAM 128GB SSD,$142.83,No rating
"Lenovo IdeaPad 3i 15.6'' Touch Laptop Intel i5, 8GB, 256GB, 82RK00BEUS Refurbish",$229.99,No rating
"Dell Latitude 5300 Laptop, 13.3"" Core i5 8th Gen, 8GB RAM, 256GB SSD, Windows 11",$168.80,No rating
"Lenovo IdeaPad 1i 15.6"" Laptop Intel I5, 8GB RAM, 256GB Storage, 82QD003VUS Used",$209.99,No rating
"~CLEARANCE~ 15.6"" Dell Latitude i5 Laptop: 16GB RAM! 512GB SSD! Built in CD/DVD!",$189.99,No rating
DELL PRECISION 3560 11TH GEN CORE I5-1145G7 2.60 GHZ 16GB 512GB SSD,$31.00,No rating
Dell Latitude 3390 2-IN-1 1.60GHz Intel Core i5-8250U 8GB DDR4 RAM NO SSD *READ,$23.50,No rating
"SUPER FAST WINDOWS 10 CHEAP 15.6"" LAPTOP INTEL CORE I3 16GB RAM 1TB HDD SSD CAM",$155.81to$259.70,No rating
"HP EliteBook 830 G5 Laptop - Core i5-8350U, 16GB RAM, 256GB SSD, Win 11",$181.78,No rating
New ListingDell Inspiron 5547 Intel Core i7-4510U 2.00GHz 8GB RAM 256GB SSD,$0.99,No rating
"HP ProBook 645 G4 AMD Ryzen 3 Pro 8GB RAM 128GB 2.5"" SSD WIN 10 Laptop 632957",$103.88,No rating
"HP X360 G4 2-in-1 Touchscreen Laptop 11.6"" Core i5 8GB RAM 128GB SSD Windows 11",$159.99,No rating
"Dell Latitude Laptop PC Computer Core i5 15.6"" Windows 10 8GB RAM 256GB SSD HDMI",$179.99,No rating
DELL  LATITUDE 7390 CORE I7-8650U 1.90 GHZ 8GB 256 GB SSD,$50.00,No rating
"Dell Chromebook 11.6"" Laptop Computer Intel Celeron 4GB Ram 16GB SSD Chrome OS",$50.67,No rating
"HP EliteBook x360 1040 G6 i7 8665U 1.90GHz 16GB RAM 256GB SSD 14"" FHD Touch Win",$308.24,No rating
"HP 15.6"" FHD Notebook Intel i5-1235U 8GB RAM 512GB SSD Natural Silver",$349.99,No rating
"Dell Latitude 7420 14"" Touch Laptop i7-1185G7@3.0GHz 16G RAM 512GB SSD Win11",$299.99,5.0 out of 5 stars.
"New ListingDell Precision 7510 15.6"" 480GB SSD, Intel Core i7-6820HQ, 2.70 GHz, 16GB Ram",$33.00,5.0 out of 5 stars.
"~OVERSTOCK~ 14"" HP ProBook Laptop: 16GB RAM! 1TB SSD! Backlit Keyboard! Win11!",$269.99,No rating
"ASUS Vivobook 16""  WUXGA Notebook Intel Core i7-1355U 16GB RAM 1TB SSD",$519.99,No rating
Dell XPS 13 7390 Laptop i7-1065G7 1.3GHz 16GB RAM 256GB SSD For Parts or Repair,$77.00,No rating
New ListingDell Latitude 7430 2-in-1 Touch Intel Core i5-1235U 16GB/256GB FREE SHIPPING!,$3.25,No rating
"Apple MacBook Pro 16"" Intel Core i7-9750H 2.60GHz 16GB RAM 512GB SSD MVVL2LL/A",$49.00,No rating
"New ListingHP 15-ay009dx 15.6"" Touchscreen Laptop 2.3GHz Core i3-6100U 6GB RAM 1TB HDD W10",$60.00,No rating
"Kogan Atlas 10.1"" 2-in-1 D600 Touchscreen Laptop with Windows 11 Pro (64GB)",$27.53,No rating
"New ListingLenovo L13, Intel Core i5-1135G7U, 8GB RAM, 240GB SSD",$84.41,No rating
~CLEARANCE~ 15.6 Lenovo ThinkPad Laptop: 16GB RAM! 256GB SSD! Windows 10 Pro!,$189.95,No rating
"New ListingDell Latitude E7470 14"" i7-6600U, 2.6GHz 8GB RAM 256GB SSD Win11 *READ*  #97",$99.99,No rating
"HP EliteBook 840 G3 14"" Core i7-6500U 2.7GHz 16GB RAM NO HDD LCD DMG NO OS",$9.99,No rating
Dell Laptop Precision 7520 Windows 11 Intel Core i7 7th 256GB SSD 8GB RAM Webcam,$179.00,No rating
"Lenovo ThinkPad X250 12.5"" Laptop i5-5300U 2.3GHz|8GB |No HDD No Charger Grade C",$46.99,No rating
"Laptop HP EliteBook 830 G7 13.3"" 10th Gen i7 16/32GB RAM 256/512GB SSD, VG",$427.22,No rating
HP EliteBook x360 1040 G7 i7-10610U 1.8GHz 512GB SSD 16GB RAM TouchScreen,$300.00,No rating
"Dell Laptop Computer Latitude 14"" Core i5 8GB RAM 256GB SSD WiFi Windows 10 PC",$172.30,No rating
Cheap Fast Laptop Windows 10 CORE i3 8GB 240GB RAM SSD WIFI,$103.87to$181.77,No rating
Shop on eBay,$20.00,No rating
Shop on eBay,$20.00,No rating
"HP Chromebook 11 G6 11.6"" Intel 2.40 GHz 4GB RAM 16GB eMMC Bluetooth Webcam",$79.99,No rating
"[A- Grade] Dell Latitude 7490 14"" FHD Touchscreen Laptop i7-8650U 16GB 500GB SSD",$254.99,No rating
"TOUCHSCREEN Chromebook Lenovo IdeaPad 3 15'' 128GB, 4GB RAM,  Intel, 82N4002SUS",$159.99,5.0 out of 5 stars.
Dell Laptop Latitude 7300 Intel Core i5 8th Gen 256SSD HD 8GB Windows 11 Webcam,$159.00,No rating
HP EliteBook x360 1040 G7 i7-10610U 1.8GHz 512GB SSD 16GB RAM TouchScreen,$300.00,No rating
"New ListingLenovo ThinkPad T480s 20L7002CUS 14"" Intel i5-8350U 8GB RAM 256GB SSD Win 11Pro",$160.00,No rating
Dell XFR E6420 Rugged Non-Touch Laptop I5 16GB RAM 500GB SSD WiFi WIN 10Pro,$250.00,No rating
"New ListingCheap! Dell Latitude 5590 FHD 15.6"" Laptop Quad i5-8350 1.9Ghz 8GB 128SSD Win10",$189.00,No rating
~OVERSTOCK SALE~ 15.6 HP ProBook i5 Laptop: 8GB RAM! 256GB SSD! Windows 10 Pro!,$184.95,No rating
"GETAC S410G1 14"" CORE i7-6600U @ 2.6GHZ 4 GB 1600MHZ 240GB TOUCHSCREEN",$149.25,No rating
"2024 HP - 14"" Laptop Computers - Intel Pentium Silver -UP to 64GB RAM, 2TB SSD",$215.99to$455.99,No rating
"HP ProBook 430 G7 Core i5-10210 2.11Ghz 8GB 256GB SSD 13.3"" Win-11 Laptop",$194.77,No rating
"Dell laptop Latitude 7480 14"" i7 2.60GHz 16GB NEW 512GB SSD Win 11 Pro WIFI Cam",$269.99,4.5 out of 5 stars.
"Dell Latitude 7490 14"" FHD i5-8350U 1.70GHz 8GB RAM 256GB SSD Win 10 Pro Laptop",$134.95,5.0 out of 5 stars.
"15.6"" Dell Latitude Laptop PC: Intel i5 Quad Core! 32GB RAM! 1TB SSD! Windows 11",$369.95,No rating
FAST CHEAP WINDOWS 11 LAPTOP INTEL CORE i5 32 RAM 1TB SSD WARRANTY,$155.81to$181.78,No rating
"Acer Aspire 3 Spin 14"" WUXGA IPS Touch 2-in-1 Intel Core i3-N305 8GB 256GB Win11",$23.50,No rating
New ListingADVENT Laptop Pentium Dual Core CPU-2GB RAM-SPARES & REPAIRS,$12.97,No rating
Lenovo ThinkPad X250 Laptop Intel Core i7-5600U 2.6GHz 8GB RAM NO HDD,$58.00,No rating
"15.6"" Dell E5520/30 Laptop Vintage Windows XP Pro 32 Bit i3 2.3ghz 4gb 250gb DVD",$99.99,No rating
Lenovo ThinkPad L14 Ryzen 3 Pro 4450U 8GB 128GB Win10 Pro,$134.99,No rating
"HP 14"" Laptop Intel Core i3-305N 8-Cores 8GB RAM 256GB SSD Moonlight Blue - New",$201.50,No rating
New ListingLenovo ThinkPad T450S Intel Core i7 2.60GHz Laptop 8 GB RAM NO HARD DRIVE,$79.99,4.5 out of 5 stars.
"Lenovo Thinkpad X1 Carbon 7th i5-8365U 1.6Ghz 16GB 512GB SSD 14"" W-11 Laptop - B",$245.43,No rating
New ListingDell Latitude 7490 Intel Core i5-8350U 1.70GHz 4 Cores 8GB RAM 256GB SSD,$0.99,No rating
17.3 Inch Touch Display Laptop Intel N5095 8GB 16GB RAM 256GB 512GB SSD Notebook,$258.35to$277.54,No rating
"HP EliteBook 840 G8 Laptop Intel Core i5-1145G7 16GB 256 GB SSD 14"" Win 11 Pro",$306.99,No rating
"HP ProBook x360 11 G1 11.6"" TouchScreen PC Windows 10, 128GB SSD  *SEE DESCRIP*",$36.00,No rating
"Dell Latitude E5470 14"" Laptop PC Computer Core i7 16GB RAM 256GB SSD Windows 10",$189.99,No rating
Dell Latitude Business Class Laptop Quad Core i5 8th Gen 16GB 512GB SSD Grade A,$239.99,No rating
"Dell Latitude Laptop PC 15.6"" FHD Intel Core i5 16GB RAM 256GB SSD Windows 11",$263.54,No rating
"Lenovo ThinkPad Laptop PC Computer 15.6"" Core i5 8GB RAM 256GB SSD Windows 11",$188.50,No rating
"Dell Latitude 3480 14"" i3-7100U @ 2.4GHz 8GB RAM 256GB SSD Windows 10 Pro Laptop",$71.95,No rating
Dell Latitude 5500 Intel Core i5-8365U 1.60GHz 8GB RAM 256GB SSD,$4.25,No rating
CHEAP FAST Top Brand Windows 10/11 Laptop i3/i5 32GB Ram 256GB SSD/ 1TB SSD WIFI,$116.86to$428.51,No rating
"ASUS ROG Strix G16 Gaming Laptop 16"" WUXGA 165Hz Intel Core i9-13980HX 16GB","$1,249.99",No rating
"DELL LATITUDE 3190 | 11.6"" INTEL CELERON N4120 4GB DDR4 64GB SSD MINI LAPTOP",$58.37,No rating
Getac B300 G5  i7-4600 8GB RAM 256GB SSD Win10p touch screen with styles,$239.00,No rating
"Dell Latitude 5490 14"" Core i7-8650U 2GHz 16GB RAM 512GB SSD WIN11 PRO",$174.99,No rating
Dell Latitude Laptop PC 14 Core i5 11th Gen 16GB RAM 256GB Windows 11 Pro Office,$259.88,No rating
"HP  14 G4 Chromebook, 16GB SSD, 4GB RAM, WiFi, , 14inch screen FREE SHIPPING",$51.30,No rating
"Samsung Chromebook XE350XBA-K05US 15.6"" 1080p FHD Laptop Intel 4GB RAM 128GB SSD",$94.96,5.0 out of 5 stars.
"Lenovo ThinkPad T460 i5-6300U 2.4GHz 4GB 14.1"" Full HD UK Laptop (NO HDD)",$77.90,No rating
"Dell Latitude e7440 14"" Laptop Intel Core i5 8GB RAM 128GB SSD Linux Mint 21.3",$79.00,No rating
"HP EliteBook 840 G1 14"" Touchscreen Intel Core i7 8GB 320GB HDD Windows 10",$99.00,No rating
"HP EliteBook 845 G7 14"" FHD Touchscreen RYZEN 5 4650U 16GB/256GB Windows 11 Pro",$219.99,No rating
"HP EliteBook 840 G1 14"" Laptop Intel Core i5 4GB 320GB HDD Windows 10",$89.99,No rating
"Dell Latitude E5420 14"" Laptop Intel Core i3 4GB 500GB HDD Windows 7",$74.95,No rating
"New ListingASUS VIVOBOOK  F512J  15.6"" FHD Inte Core i5-1035G1 8GB RAM-512GB NVMe Win11Home",$140.00,No rating
Lenovo Thinkpad X260 Intel Core I5-6200U Intel HD Graphics,$19.86,No rating
"Toshiba Satellite C55 - 15.6"" Intel N2830 2.16GHz 4GB 500 GB - Windows 10 Laptop",$45.36,No rating
"Dell Latitude 3340 13.3"" Laptop Intel 1.9GHz 4GB RAM 320GB HDD Windows 7",$69.99,No rating
Lenovo 300e Chromebook 2nd Gen 2-in-1 Touch N4020 4GB 32gb SSD  *SEE PHOTOS*,$24.79,No rating
"Dell Chromebook 11 3120 11.6"" Intel N2840 2.16GHz 16GB 4GB with PSU - Blue Edge",$77.85,No rating
"New ListingDell Latitude E6540 15.6"" Intel i7-4610M 8GB RAM 256GB SSD Win 10 Laptop",$119.99,No rating
New ListingASUS E403S 14” ULTRA THIN LIGHT HD LAPTOP INTEL 1.6GHz 4GB 128GB SSD WINDOWS 10,$59.99,No rating
"Dell Latitude5510 15""FHD Touch i5-10310U@2.20Ghz 16GB RAM 512GB SSD Win11 READ",$146.54,No rating
HP Elitebook 840 g8 i7 11th Gen PC Notebook Laptop 1165G7 Processor,$39.00,No rating
HP 17.3  FHD Notebook AMD Ryzen 5 5500U 8GB RAM 256GB SSD Natural Silver 17-cp00,$339.99,4.5 out of 5 stars.
Lenovo IdeaPad Slim 5 16  WUXGA Notebook AMD Ryzen 7 8845HS 16GB LPDDR5X 512GB S,$529.99,No rating
Lenovo Thinkpad X1 Yoga Gen 4 laptop i5-8365U 1.60GHz 16GB Ram 256GB 2-in-1 READ,$179.00,No rating
"Legion 5i 16"" WQXGA 165Hz Gaming Laptop i7-14650HX 16GB RAM 512GB SSD RTX 4060","$1,099.99",No rating
"SGIN M17S Laptop 17.3"" IPS 1080P 2.0GHz Intel Core i3-5005u 4GB 128GB SSD HDMI",$139.95,No rating
HP EliteBook 850 G5 15'' Laptop 256GB SSD 16GB RAM Intel i5-8250U 1.6GHz WIN 11P,$199.95,No rating
"New ListingMicrosoft Surface 2  1832 w/1834 Base 13.5"" i5-7300U 2.6 GHz 8GB 256GB SSD W10",$139.00,No rating
"2024 HP Laptop Computer 14"" HD Quad-Core Intel Pentium Upto 32GB RAM & 1TB SSD",$229.00to$389.00,No rating
Dell Chromebook 11  2-in-1 Touchscreen Intel 2.48 GHz 4GB Memory 32GB  eMMC HD,$79.99,No rating
"Dell Vostro 5590, Intel Core i7-10510U, 8GB RAM, No HDD #0321",$119.99,No rating
"Dell XPS 13 Plus 9320 i7-1360P 1TB 32GB 13.4"" Touch OLED 3.5K 9.9/10",$930.00,No rating
"ASUS L510M 15.6"" FHD Laptop Intel Pentium N5030 4GB 128GB Storage Windows 11",$142.50,No rating
"New ListingLenovo ThinkBook 14s-IWL 14"" Laptop i7-c8565U 16GB RAM 512GB SSD w/Adapter",$174.99,No rating
"New ListingDell Inspiron 5502 15.6"" Laptop i7-1165G7 16GB RAM 512GB SSD",$319.99,No rating
"Lenovo ThinkPad E15 Gen 15.6"" , Intel Core i5 10th Gen FOR SPARES",$20.01,No rating
"Dell Inspiron 15 3567 Laptop Computer 15.6"" Core i3 8GB RAM 128GB SSD Windows 10",$179.98,No rating
Cheap Laptop Dell Latitude Intel iCore i3 i5 8GB 128 GB SSD Windows 11 Webcam,$155.81,No rating
Shop on eBay,$20.00,No rating
Shop on eBay,$20.00,No rating
~OVERSTOCK~ 15.6 Lenovo ThinkPad Laptop: Intel i5! 16GB RAM! 1TB SSD! Windows 10,$309.95,No rating
"Dell Latitude 5400 14"" i7-8665U 1.9GHz 8GB DDR4 256GB SSD Laptop Win10",$165.00,No rating
Dell Latitude Laptop: Intel i7 Quad Core! 32GB RAM! 512GB SSD! Windows 11 Pro!,$349.97,No rating
Dell Latitude 7400 Gaming Laptop PC Intel Core i7 4.2GHz 64GB RAM 4TB SSD Win 11,$398.00to$841.00,No rating
HP 250 G9 15.6  Full HD IPS Intel Core i5-1235U 16GB RAM 512GB SSD Notebook Dark,$449.99,5.0 out of 5 stars.
"Dell Latitude 12 Rugged Extreme 7204, i7-4650U 1.70GHz, 16GB, 256GB SSD, Win 10",$264.95,No rating
"Dell Latitude 7400 2-in-1 Intel i5 8365U 1.60GHz 16GB RAM 256GB SSD 14"" Win 11 -",$214.22,No rating
"New ListingHP 17 Omen X 17.3"" FHD i7-7820HK GTX 1080 3 SSD Drives READ",$51.00,No rating
HP 17-cn1009cy 17in Touch Laptop Intel i5-1155G7 12gb 512gb SSD Win11,$379.99,No rating
MSI Cyborg Gaming Laptop - 13th Gen Intel Core i7-13620H - GeForce RTX 4050 - 14,$799.99,5.0 out of 5 stars.
"HP Laptop 15-fc0093dx 15.6"" Ryzen 5 7520U 16GB DDR5 256GB SSD Windows 11",$298.94,5.0 out of 5 stars.
"Lenovo Legion Pro 7i 16"" WQXGA 240Hz Gaming Laptop i9-14900HX 16GB RAM RTX 4080","$2,059.99",No rating
"ASUS ROG Strix G18 18"" 240Hz QHD+ IPS Gaming Notebook Intel Core i9-13980HX 16GB","$1,659.99",No rating
"14"" Dell Gaming Laptop PC: Intel i7 Quad Core! 32GB RAM! 512GB SSD! Windows 11!",$334.95,No rating
"BLUE LENOVO T470 FAST LAPTOP CORE i5 16GB RAM 512GB SSD WINDOWS 10/11 14"" HD",$207.76to$402.54,No rating
"Microsoft Surface Pro 4 12.3"" 2.4GHz i5 4GB 128GB SSD Win 11 Pro (Grade B No AC)",$89.24,No rating
"Lenovo ThinkBook 15 Gen 4 Notebook 15.6"" FHD Intel Core i7-1255U 8GB RAM",$499.99,5.0 out of 5 stars.
HP 15-fd0629ds 15in Laptop Intel N100 4gb MEM 128gb SSD Win11,$199.99,No rating
"New ListingLenovo ThinkPad T15 Laptop - i7-10610U, 16GB RAM, 256GB SSD - Win11",$299.99,No rating
Dell Latitude Rugged 5414 i5 6300U 2.4GHz 16GB RAM 500GB SSD Win10  ORANGE,$355.55,No rating
"Stone Stonebook Mini M10CA Laptop 11.6"" CELERON N WINDOWS 10 8GB 120GB SSD #1E",$51.88,No rating
"Lenovo ThinkPad T440 14"" Laptop Core i5-4300U @ 1.9GHz 8GB RAM 240GB SSD NO OS",$9.99,No rating
Acer Nitro V 16  Gaming Laptop 165Hz WUXGA R7-8845HS 16GB RAM 1TB SSD RTX 4060,"$1,199.99",No rating
"Microsoft Surface Pro 7, Intel Core i7-1165G7, 16GB RAM, 256GB SSD #2923",$253.00,No rating
"New ListingASUS VIVOBOOK  F512J  15.6"" FHD Inte Core i5-1035G1 8GB RAM-512GB NVMe Win11Home",$140.00,No rating
Lenovo ThinkPad T14 Gen 1 Intel i5-10310U @ 1.70GHz 16GB RAM 500GB SSD NO OS,$103.50,No rating
"New ListingMicrosoft Surface Laptop 2, Intel Core i5-8350U, 8GB RAM, 256 SSD #4803 Parts",$39.99,No rating
"15.6"" HP ProBook Laptop PC: Intel i5! 16GB RAM! 256GB SSD! Webcam! Windows 10!",$194.95,No rating
"Dell Latitude 3500 15"" Touchscreen Laptop Core i5 16GB RAM 256GB SSD Windows 11",$259.99,No rating
"Dell Latitude 5480 Laptop FHD 14"" 7th Gen i5-7300U 2.6GHz 16GB RAM 256GB Win11P",$129.99,5.0 out of 5 stars.
"Dell Latitude 7400 14"" FHD i5-8265U 1.60GHz 8GB RAM 256GB SSD Win 10 Pro Laptop",$144.95,5.0 out of 5 stars.
Windows XP PRO SP3 32 Bit Laptop Notebook PC Computer w/ DVD USB FREE SHIPPING,$99.99,No rating
"TOUCHSCREEN RED GAMING DELL 7440 i5 3.0GHz 16G,256GB SSD,Win11,CAM,FHD 1920X1080",$154.77,No rating
Lenovo LOQ 15 15.6  LCD FHD 144Hz Gaming Laptop AMD R7 8845HS 16GB DDR5 1TB 4060,$949.99,No rating
"LENOVO T420S LAPTOP: i5, 128gb ssd, 4gb ram, dock |010-4283106",$50.00,No rating
Dell Precision 5540 Intel Core i7-9850H 32GB 1TB SSD 15.6 FHD Win 10 Pro,$499.99,5.0 out of 5 stars.
"Lenovo ThinkPad E15 Gen 2 Laptop - i5-1135G7, 16GB RAM, 256GB SSD - Win11",$184.99,No rating
"ASUS TUF F15 FX506HC-RS51 15.6"" Gaming Laptop i5-11400H 8GB 512GB SSD RTX 3050",$525.00,No rating
Toshiba Z40 Windows 11 Gaming Laptop PC Computer w/ SSD Webcam WiFi Super Light,$109.99,No rating
"Dell Latitude 7400 14"" FHD i7-8665U 16GB 256gb SSD NVME Laptop WIN 11 pro WIFI",$249.99,No rating
Dell Latitude E6420 XFR Core i7 CPU 500GB SSD 16GB RAM WIN10 BLACK CARBON,$444.44,No rating
"Lenovo ThinkPad T470 14"", Intel i5-7300U, 16GB RAM, 512GB SSD Win 10 Pro Touch",$109.99,5.0 out of 5 stars.
"2024 HP Pavilion Laptop 17.3"" FHD Intel i3-1215U Upto 32GB RAM 2TB SSD Win 11Pro",$439.00to$659.00,No rating
"New ListingDell Latitude 7400 2-in-1 Core i5-8365U 1.6GHz 16GB RAM No SSD 14"" Touchscreen",$51.00,No rating
Samsung Chromebook 3 4GB Ram 16GB SSD 11.6-Inch Laptop - Black - XE500C13-K04US,$99.00,5.0 out of 5 stars.
VERY GOOD DELL XPS 15 LAPTOP FHD i7 16GB 512GB SSD WARRANTY WINDOWS 10,$499.00,No rating
"New ListingDell Precision M3800 15"" Core i7-4702HQ 2.2GHz 16GB RAM NO HDD NO BATT NO OS",$9.99,No rating
HP EliteBook 840 G5 INTEL Core i5-8350U 1.70GHz 8GB RAM 256GB SSD,$18.50,No rating
Apple MacBook Pro 15 Intel Core i7-7700HQ 2.80GHz 16GB RAM 256GB SSD A1707,$62.00,No rating
"HP Chromebook 11 G6 11.6"" Intel 2.40 GHz 4 GB RAM 16 GB eMMC Bluetooth Webcam SD",$79.99,No rating
HP EliteBook Folio 1040 G3 i7-6600U 2.6GHz 16GB RAM 512GB SSD Win 11 Pro,$139.97,No rating
"Dell Latitude 5490 14"" Intel i5-8350U 8GB Fair No SSD COA",$59.99,No rating
"New ListingDell Precision 3510 15"" Intel Core i7-6820HQ 2.70 GHz 16GB RAM 500GB SSD Win11",$139.95,No rating
HP EliteBook Folio 1040 G3 i7-6600U 2.6GHz 256GB SSD 16GB RAM Win 11 Pro,$129.97,No rating
"Lenovo LOQ 15.6"" FHD 144Hz Gaming Laptop Intel Core i5-12450HX 12GB DDR5 512GB",$649.99,No rating
2024 Dell Inspiron 15 Laptop FHD Touch Intel i5 Upto 32GB RAM&1TB SSD Win 11 Pro,$449.00to$649.00,No rating
"HP ProBook 650 G3 15.6"" Core i5 7200U 2.5GHz 16GB RAM 512GB SSD Win 11 Pro",$209.00,No rating
Lenovo N23 Winbook Laptop Intel 1.60 GHz 4GB Memory 64GB HD Touchscreen Win 10,$99.99,No rating
"Lenovo ThinkBook 15 Gen 4 Notebook 15.6"" FHD AMD R7 5825U 16GB RAM 512GB SSD",$509.99,No rating
ASUS Zenbook Duo Dual 14  OLED WUXGA Notebook Intel Core Ultra 7 155H 16GB RAM 1,"$1,299.99",No rating
"2024 HP Laptop Computer 15.6"" HD Notebook Intel Processor 16GB 628GB Storage",$329.00,No rating
Dell Latitude 7480 I5 7300U 2.6GHZ 8GB RAM 120GB SSD WINDOWS 10 LAPTOP #5D,$89.44,No rating
"New ListingDell Latitude 5550 Intel Ultra 7 155U 16GB RAM 256GB SSD 15.6"" FHD W11P - 24235",$899.99,No rating
Lenovo Thinkpad X1 Yoga Gen 4 laptop i5-8365U 1.60GHz 16GB Ram 256GB 11 Pro READ,$197.00,No rating
Lenovo Yoga Chromebook C630 Laptop Intel i7-8550U 1.80GHz 16GB RAM 128GB SSD,$140.00,No rating
"New ListingLenovo V14 G3 IAP 14"" Laptop i3-1215U 8GB RAM, No Storage, Remote Managed",$144.99,No rating
Microsoft Surface Pro 5 1796 Intel Core m3-7Y30 1.00GHz 4GB RAM 128GB Win10 Pro,$31.00,No rating
"Dell Latitude 5500 Laptop - i5-8365U 16GB 512GB 15.6""  Webcam Backlit Touch FHD",$228.00,No rating
2024 Dell Inspiron 15 Laptop Touch Intel i5-1235U UP 64GB RAM&1TB SSD Win 11 PRO,$449.00to$699.00,No rating
ASUS ROG Strix G16 16  240Hz WQXGA Gaming Laptop Intel Core i9-14900HX 16GB RAM,"$1,499.99",No rating
"New ListingHP Compaq 6730b 15.4"" Laptop Intel Core 2 Duo P8600 2.40GHz 4GB 250GB SSD Win 10",$49.00,No rating
"DELL PRECISION 5560 15.6"" UHD+ 4K+ Touch I7-11850H 1TB SSD 32GB W11P RTX",$899.00,No rating
"Rugged Getac V100 10.4"" Laptop Core i7 4GB RAM 256GB SSD Windows 10 Touchscreen",$194.77,No rating
"Lenovo Laptop PC ThinkPad X260 12.5"" Intel Core i7-6600U 8GB RAM 256GB SSD",$136.35,No rating
"Dell Latitude 5501 14"" Laptop Core i5-9400H 2.50GHz 16GB RAM NO SSD/OS",$125.00,No rating
Shop on eBay,$20.00,No rating
Shop on eBay,$20.00,No rating
"~CLEARANCE SALE~ 15.6"" Lenovo ThinkPad Laptop: i5 Quad Core! 8GB Ram! 256GB SSD!",$219.95,No rating
"Lenovo ThinkPad E580 15.6"" Core i5-8250U 2.50GHZ 8GB RAM 256GB SSD Windows 11",$175.25,No rating
"Lenovo Slim 14"" Chromebook Mediatek ARM, 4GB RAM, 64GB Storage, 82XJ002DUS",$99.99,4.5 out of 5 stars.
"Dell Latitude 14 5414 Rugged 14"" Core i5-6300U 2.40GHZ 16GB RAM 512GB SSD Win 10",$219.00,4.5 out of 5 stars.
"New ListingHP Compaq 6730b 15.4"" Laptop Intel Core 2 Duo P8600 2.40GHz 4GB 250GB SSD Win 10",$49.00,No rating
"DELL PRECISION 5560 15.6"" UHD+ 4K+ Touch I7-11850H 1TB SSD 32GB W11P RTX",$899.00,No rating
"Rugged Getac V100 10.4"" Laptop Core i7 4GB RAM 256GB SSD Windows 10 Touchscreen",$194.77,No rating
New ListingDell Latitude 7400 i5-8365U 1.6GHz 16GB Ram 256GB SSD Win 11,$115.00,No rating
"Lenovo ThinkPad L560 15.6"" Core i7 6600U 2.6GHz  16GB RAM 512GB SSD Win 10 Pro",$249.00,No rating
"New Listing14"" Lenovo ThinkPad T450 i5-5200U 2.20GHz 5TH GEN 8GB RAM 500GB HDD WIN 11  B56",$1.29,No rating
15.6 Dell Precision Gaming Laptop: Intel i5! 16GB RAM! 1TB SSD! Backlit Keyboard,$209.95,No rating
"Lenovo Legion Y530-15ICH 15.6"" i7-8 2.2GHz 16GB 1TB GeForce GTX 1050 Ti Laptop",$72.00,No rating
Dell Latitude 5480 Laptop BOOTS Core i7-7820HQ 2.90GHz 16GB RAM 256GB SSD No OS,$15.50,No rating
"Dell Latitude 7490 14"" Laptop Intel Core i5 8350U 16GB RAM 256GB SSD Windows 11",$272.68,No rating
"Dell Latitude E5570 15.6"" Intel i5-6200U 2.3GHz 8GB RAM 240GB SSD Win10",$120.00,No rating
"15.6"" Lenovo ThinkPad Laptop PC: Intel i5! 16GB RAM! 512 SSD! Windows 10! Webcam",$229.99,No rating
"HP 14"" HD Laptop Intel Core i3-305N, 8GB RAM, 256GB SSD, Moonlight Blue - SEALED",$286.30,No rating
"New ListingHP EliteBook 830 G6 13.3"" Laptop i5-8265U | 16GB Ram, 256GB NVMe | Win 11 & PSU",$240.22,No rating
New Listing* Dell Latitude 3390 2-1 intel Core i5-825U@ 1.60 GHZ 8GB Ram 256 GB HDD NO OS *,$89.99,No rating
New ListingHP Probook 655 G1- AMD A6 2.9GHz 8GB RAM 500GB HDD WIN10 Pro READ,$39.00,No rating
"15.6"" HP EliteBook Laptop: Intel i5! 16GB RAM! 512GB SSD! Windows 10 Pro! Webcam",$229.99,No rating
HP ELITEBOOK 745 G5/RYZEN 7 PRO/16GB RAM/256GB NVME SSD/WIN 11 PRO/FHD/CHARGER,$174.99,No rating
Microsoft Surface Go Tablet Pentium Gold 4415Y 1.6GHz 8GB RAM 128GB SSD Win10 RD,$19.99,No rating
"Microsoft Surface 2  1832 w/1834 Base 13.5"" i5-7300U 2.6 GHz 8GB 256GB SSD W10",$139.00,No rating
"New ListingLenovo ThinkPad P15S Intel Core i7-10510U@1.80GHz,16GB RAM, 512GB NO OS.",$199.99,No rating
"Lenovo ThinkPad T14s Gen 3 14"" Laptop i7-1260P 3.4GHz 16GB DDR4 512GB SSD NO OS",$499.99,No rating
HP Elitebook x360 G2 Core i7  2.8GHz 16GB RAM 1TB SSD Win 11 Pro Touchscreen,$349.00,No rating
"New ListingLenovo 81H5 15"" A9-9425 RADEON R5 3.1GHz 8GB RAM 512GB SSD AMD NO OS Good",$9.99,No rating
"Lenovo V15 - 15.6"" Laptop - AMD Gold 3150U @ 2.40GHz 8GB RAM 256GB SSD - Win 11",$160.00,No rating
"~LIMITED STOCK~ 15.6"" Lenovo ThinkPad Laptop: i5 Quad Core! 16GB Ram! 1 TB SSD!",$309.99,No rating
"Dell Latitude 5490 14"" i7-8650U 1.9GHz 16GB RAM 256GB SSD Win 11 *READ* #97",$99.99,No rating
"Dell Latitude 7420 11th Gen Intel i5 1145G7 256GB 16GB RAM No OS 14.0"" FHD",$240.00,No rating
"New ListingLenovo ThinkPad T470S Core i7-7500U 2.7Ghz 8GB Ram 128GB M.2 SSD 14"" Laptop",$74.95,No rating
Toshiba Z10t-A Core i5 1.50GHz 4GB RAM 128GB SSD Wifi Webcam Win 10  - Used,$77.85,No rating
"Lenovo ThinkPad X1 Carbon Gen 9 14"" WUXGA Touch i5-1145G7 32GB 512GB FPR W11P",$516.06,No rating
"Lenovo Yoga 11e 11.6"" 4GB 500GB Touchscreen Laptop Tablet Windows 8.1 *Read",$59.99,No rating
New ListingHP Probook 650 G1  i7 2.7GHz 8GB RAM 500GB HDD WIN10 Pro READ,$50.00,No rating
"New ListingDell Inspiron 5765 AMD A9-9400 2.4GHz 8GB RAM 17.3"" No HDD/OS",$9.99,No rating
HP 15 Laptop (Intel Core i5 1135G7/16GB RAM/Intel Iris Xe/512GB/FHD IPS Display),$319.99,No rating
"Lenovo 14"" FHD Laptop - Core i3 - 8GB RAM - 256GB Storage - Win 11 (82QC006KUS)",$209.99,No rating
"Dell Laptop Latitude PC Computer 14"" LED Core i3 8GB RAM 128GB SSD Windows 10",$118.10,5.0 out of 5 stars.
"Dell Inspiron 15 3558 15.6"" i3-5015u@2.10GHz 4GB RAM No HDD/OS. READ",$42.00,No rating
Lenovo Thinkpad T490s i5-8365U 1.6GHz 16GB Ram  256GB  Intel UHD 620  Win 11 Pro,$132.00,No rating
"14"" HP EliteBook Laptop: Intel i5 QC! 8GB RAM! 256GB SSD! Webcam! Windows 11!",$199.99,No rating
EXCELLENT Dell XPS 15 - 64GB RAM - 1TB SSD - 10th CORE i7 - 9500,$875.00,No rating
Lenovo ThinkPad P14s Gen 2 14-In i7-1185G7 48GB RAM 1TB SSD Nvidia T500 WTY 2025,$449.00,No rating
"New ListingDELL LATITUDE 3420 LAPTOP P144G 14"" 256GBSSDNVMe/8GBRAM i5-1135G7 WIN11PRO",$144.99,No rating
"New ListingLenovo ThinkPad X1 Carbon Intel Core i7-8550U@1.80GHz,16GB RAM, NO HDD/OS.",$99.99,No rating
"HP EliteBook x360 1040 G6 i7 8665U 1.90GHz 16GB RAM 256GB SSD 14"" FHD Touch Win",$281.38,No rating
Dell XPS 13 9360 13.3” FHD Laptop PC Core i5 8GB RAM 256GB SSD NVMe Windows 10,$249.99,No rating
"Lenovo 15.6"" FHD Laptop AMD Ryzen 5 5500U 8GB RAM 512GB SSD IdeaPad Gray - New",$287.00,No rating
New ListingAmerican Megatrends202 Intel(R)Core(TM)i5-6200u CPU@2.30GHZ 8gb 256gb bad batter,$76.00,No rating
DELL LATITUDE 5300 Touch Screen Windows 11 pro i5 16GB 512GB SSD Laptop Computer,$229.99,No rating
"Lenovo ThinkPad L14 14"" Gen 1 FHD Ryzen 5 4650U 8GB Ram No SSD No OS GD",$150.00,No rating
"New ListingMotorola ML910 Intel Core Duo L2400 1.66GHz 1GB RAM 13.3"" No Batt/HDD/OS",$29.99,No rating
"Lenovo ThinkPad T460 14"" Laptop Core i7-6600U 6th 2.60GHz  WebCam Backlit HDMI",$150.00to$285.00,No rating
"New ListingMotorola ML910 Intel Core Duo L2400 1.66GHz 1GB RAM 13.3"" No Batt/HDD/OS",$29.99,No rating
HP ELITEBOOK 845 G7 | AMD RYZEN 5 PRO 4650U 16GB Ram 512GB SSD FHD Win11,$199.99,No rating
"Microsoft Surface Book 2 15'' (256GB SSD, Intel Core i7-8650U, 16GB Ram)",$339.99,5.0 out of 5 stars.
"~BACKLIT KEYBOARD~ 15.6"" Dell Latitude Laptop: 8GB RAM! 512 GB SSD! Windows 10!",$177.99,No rating
New ListingHP ELITEBOOK 840 (G6) 1920X1080 FHD CORE I5-8365U 512GB SSD 16GB RAM NO O.S,$179.00,No rating
"Acer TravelMate B311-31 11"" Intel N4120 1.10GHz 4GB RAM 128GB SSD No COA OS",$24.99,No rating
"Dell Latitude 7490 Laptop - 1.7 GHz i5-8350U 16GB 256GB SSD -Touchscreen - 14.1""",$178.00,No rating
HP EliteBook 840 G7 Laptop 14'' i5-10310u 16GB 256GB SSD Webcam Backlit FHD,$249.30,No rating
"HP ProBook 445 G7 14"" FHD Ryzen 5 4500U 2.3GHz 32GB 512GB NVMe SSD No OS/BAT",$159.99,No rating
Lenovo N22 Chromebook Intel 1.6 GHz 4GB Memory 16GB HD Bluetooth HDMI Webcam,$69.99,No rating
"Lenovo ThinkPad T470 14"" FHD Core i7-7600U 2.80GHz Webcam Backlit HDMI USB-C",$195.00to$435.00,No rating
New ListingDell Precision 7550 Intel Core i7-10850H 2.70GHz 6 Cores 8GB RAM 256GB SSD,$0.99,No rating
"New ListingDell Latitude 5280 12.5"" i5-7200U 2.5GHZ 16GB,T/SCREEN 256GB SSD WIN 11 PRO, S11",$38.94,No rating
"Dell Latitude 5410 14"" FHD i7-10610U 32GB 512GB SSD FPReader Cam Windows 10 Pro",$328.06,No rating
"ASUS G50V-X1, 17.3"" / Intel Centrino/ (Powers On/Boots To Win VISTA)",$34.50,No rating
"HP EliteBook 840 G6 14"" Intel i7-8665U 8GB BIOS Locked No Caddy HDD",$129.99,No rating
"~WINDOWS 11 PRO~ 13.3"" Dell Latitude Laptop PC: Intel i5 QC! 16GB RAM! 1TB SSD!",$259.99,No rating
"HP EliteBook 820 G3 12.5"" FHD Core i7 Laptop PC Windows 10 16GB RAM 512GB S",$209.99,5.0 out of 5 stars.
Dell Latitude E6410 Laptop Intel Core i5-2.53GHz 4GB 250GB DVD-RW WiFi Win10,$109.99,4.0 out of 5 stars.
